Year,Player Name,Role,Subrole,Batting Runs,Batting Average,Batting Strike Rate,Not Outs,Highest Score,100s,50s,6s,4s,Wickets,Economy Rate,Bowling Average,Bowling Strike Rate,Best Bowling,5W,Cost_Cr,Is_Foreign
2024,Abdul Samad,Batsman,Non-WK,182.0,18.2,168.51,2.0,37*,0.0,0.0,11.0,15.0,0.0,,,,,,4.0,0
2025,Abdul Samad,Batsman,Non-WK,164.0,20.5,176.34,4.0,45,0.0,0.0,14.0,8.0,0.0,,,,,,4.2,0
2024,Abhinav Manohar,Batsman,Non-WK,9.0,4.5,56.25,0.0,8,0.0,0.0,0.0,1.0,0.0,,,,,,2.6,0
2025,Abhinav Manohar,Batsman,Non-WK,61.0,12.2,100.0,0.0,43,0.0,0.0,4.0,2.0,0.0,,,,,,3.2,0
2024,Abhishek Sharma,All-Rounder,Batting,484.0,32.26,204.21,1.0,75*,0.0,3.0,42.0,36.0,2.0,7.28,,21.0,2/24,0.0,6.5,0
2025,Abhishek Sharma,All-Rounder,Batting,439.0,33.77,193.39,0.0,141,1.0,2.0,28.0,46.0,0.0,,,,,,14.0,0
2024,Abishek Porel,Batsman,Non-WK,327.0,32.7,159.51,2.0,65,0.0,2.0,13.0,36.0,0.0,,,,,,0.2,0
2025,Abishek Porel,Batsman,Non-WK,301.0,25.08,146.82,1.0,51,0.0,1.0,12.0,28.0,0.0,,,,,,4.0,0
2025,Adam Zampa,Bowler,Spin,0.0,,,,,,,,,2.0,11.75,47.0,24.0,46/1,0.0,2.4,1
2023,Aiden Markram,All-Rounder,Batting,248.0,22.54,125.88,2.0,50,0.0,1.0,8.0,18.0,0.0,,,,,,2.6,1
2024,Aiden Markram,All-Rounder,Batting,220.0,24.44,124.29,2.0,50,0.0,1.0,4.0,18.0,0.0,,,,,,2.6,1
2025,Aiden Markram,All-Rounder,Batting,445.0,34.23,148.82,0.0,66,0.0,5.0,22.0,38.0,4.0,9.27,25.5,16.5,30/2,0.0,2.0,1
2023,Ajinkya Rahane,Batsman,Non-WK,326.0,32.6,172.48,1.0,71*,0.0,2.0,16.0,24.0,0.0,,,,,,0.5,0
2024,Ajinkya Rahane,Batsman,Non-WK,242.0,20.16,123.46,0.0,45,0.0,0.0,7.0,23.0,0.0,,,,,,0.5,0
2025,Ajinkya Rahane,Batsman,Non-WK,390.0,35.45,147.72,1.0,61,0.0,3.0,20.0,36.0,0.0,,,,,,1.5,0
2023,Akash Deep,Bowler,Pace,17.0,17.0,212.5,0.0,17,0.0,0.0,1.0,2.0,0.0,,,,,,0.2,0
2024,Akash Deep,Bowler,Pace,0.0,,,,,,,,,1.0,15.71,,21.0,1/55,0.0,0.2,0
2025,Akash Deep,Bowler,Pace,6.0,6.0,300.0,1.0,6*,0.0,0.0,1.0,0.0,3.0,12.05,76.33,38.0,55/2,0.0,8.0,0
2023,Akash Madhwal,Bowler,Pace,0.0,,,,,,,,,14.0,8.58,,10.92,5/5,1.0,0.2,0
2024,Akash Madhwal,Bowler,Pace,4.0,0.0,80.0,1.0,4*,0.0,0.0,0.0,0.0,5.0,11.28,,21.8,3/20,0.0,0.2,0
2025,Akash Madhwal,Bowler,Pace,4.0,,44.44,1.0,4*,0.0,0.0,0.0,0.0,4.0,11.06,41.5,22.5,29/3,0.0,1.2,0
2023,Akash Singh,Bowler,Pace,0.0,,,,,,,,,5.0,9.89,,22.8,2/40,0.0,0.2,0
2025,Akash Singh,Bowler,Pace,0.0,,,,,,,,,4.0,8.86,24.75,16.75,30/2,0.0,0.3,0
2023,Akeal Hosein,Batsman,Non-WK,16.0,0.0,160.0,1.0,16*,0.0,0.0,1.0,1.0,0.0,,,,,,0.2,1
2023,Alzarri Joseph,Bowler,Pace,7.0,0.0,58.33,2.0,7*,0.0,0.0,0.0,1.0,7.0,9.37,,20.57,2/27,0.0,11.5,1
2023,Aman Hakim Khan,Batsman,Non-WK,110.0,13.75,108.91,1.0,51,0.0,1.0,6.0,7.0,0.0,,,,,,0.2,0
2023,Ambati Rayudu,Batsman,Non-WK,158.0,15.8,139.82,2.0,27*,0.0,0.0,9.0,10.0,0.0,,,,,,6.75,0
2023,Amit Mishra,Bowler,Spin,19.0,19.0,63.33,0.0,19,0.0,0.0,0.0,2.0,7.0,7.84,,16.28,2/21,0.0,0.5,0
2024,Amit Mishra,Bowler,Spin,0.0,,,,,,,,,1.0,10.0,,12.0,1/20,0.0,0.5,0
2023,Andre Russell,All-Rounder,Batting,227.0,20.63,145.51,3.0,42,0.0,0.0,18.0,13.0,7.0,11.34,,13.0,3/22,0.0,12.0,1
2024,Andre Russell,All-Rounder,Batting,222.0,31.71,185.0,2.0,64*,0.0,1.0,16.0,20.0,19.0,10.05,,9.26,3/19,0.0,12.0,1
2025,Andre Russell,All-Rounder,Batting,167.0,18.56,163.72,1.0,57*,0.0,1.0,14.0,16.0,8.0,11.94,27.12,13.62,21/2,0.0,12.0,1
2024,Angkrish Raghuvanshi,Batsman,Non-WK,163.0,23.28,155.23,0.0,54,0.0,1.0,8.0,16.0,0.0,,,,,,0.2,0
2025,Angkrish Raghuvanshi,Batsman,Non-WK,300.0,33.33,139.53,2.0,50,0.0,1.0,8.0,30.0,0.0,,,,,,3.0,0
2025,Aniket Verma,Batsman,Non-WK,236.0,26.22,166.19,3.0,74,0.0,1.0,20.0,12.0,0.0,,,,,,0.3,0
2023,Anmolpreet Singh,Batsman,Non-WK,105.0,26.25,128.04,0.0,36,0.0,0.0,2.0,15.0,0.0,,,,,,0.2,0
2024,Anmolpreet Singh,Batsman,Non-WK,5.0,2.5,83.33,0.0,5,0.0,0.0,0.0,1.0,0.0,,,,,,0.2,0
2023,Anrich Nortje,Bowler,Pace,37.0,12.33,127.58,4.0,23*,0.0,0.0,0.0,6.0,10.0,9.1,,24.0,2/20,0.0,6.5,1
2024,Anrich Nortje,Bowler,Pace,4.0,2.0,50.0,0.0,4,0.0,0.0,0.0,0.0,7.0,13.36,,18.85,3/59,0.0,6.5,1
2025,Anrich Nortje,Bowler,Pace,0.0,,,,,,,,,1.0,11.85,83.0,42.0,23/1,0.0,0.3,1
2024,Anshul Kamboj,Bowler,Pace,0.0,,,,,,,,,2.0,11.4,,30.0,1/24,0.0,0.2,0
2025,Anshul Kamboj,Bowler,Pace,14.0,7.0,116.66,3.0,5*,0.0,0.0,0.0,2.0,8.0,8.0,21.5,16.12,13/3,0.0,3.4,0
2023,Anuj Rawat,Batsman,WK,91.0,30.33,128.16,4.0,29*,0.0,0.0,4.0,6.0,0.0,,,,,,3.4,0
2024,Anuj Rawat,Batsman,WK,98.0,24.5,127.27,1.0,48,0.0,0.0,3.0,10.0,0.0,,,,,,3.4,0
2023,Anukul Roy,All-Rounder,Bowling,23.0,11.5,121.05,2.0,13*,0.0,0.0,0.0,3.0,3.0,8.12,,16.0,2/19,0.0,0.2,0
2024,Anukul Roy,All-Rounder,Bowling,3.0,0.0,100.0,1.0,3*,0.0,0.0,0.0,0.0,0.0,,,,,,0.2,0
2025,Anukul Roy,All-Rounder,Bowling,0.0,,,,,,,,,1.0,6.75,27.0,24.0,27/1,0.0,0.4,0
2023,Arjun Tendulkar,All-Rounder,Bowling,13.0,13.0,144.44,0.0,13,0.0,0.0,1.0,0.0,3.0,9.35,,19.66,1/9,0.0,0.3,0
2023,Arshad Khan,All-Rounder,Bowling,18.0,9.0,120.0,1.0,15*,0.0,0.0,1.0,0.0,5.0,13.41,,17.0,3/39,0.0,0.2,0
2024,Arshad Khan,All-Rounder,Bowling,83.0,41.5,153.7,2.0,58*,0.0,1.0,5.0,6.0,0.0,,,,,,1.3,0
2023,Arshdeep Singh,Bowler,Pace,0.0,,,,,,,,,17.0,9.69,,17.94,4/29,0.0,4.0,0
2024,Arshdeep Singh,Bowler,Pace,4.0,4.0,133.33,0.0,4,0.0,0.0,0.0,1.0,19.0,10.03,,15.89,4/29,0.0,4.0,0
2025,Arshdeep Singh,Bowler,Pace,2.0,2.0,33.33,1.0,1*,0.0,0.0,0.0,0.0,21.0,8.88,24.66,16.66,16/3,0.0,18,0
2024,Arshin Kulkarni,Batsman,Non-WK,9.0,4.5,112.5,0.0,9,0.0,0.0,0.0,2.0,0.0,,,,,,0.3,0
2024,Ashton Turner,Batsman,Non-WK,21.0,10.5,116.66,0.0,16,0.0,0.0,2.0,0.0,0.0,,,,,,1.0,1
2024,Ashutosh Sharma,Batsman,Non-WK,189.0,27.0,167.25,2.0,61,0.0,1.0,15.0,10.0,0.0,,,,,,0.2,0
2025,Ashutosh Sharma,Batsman,Non-WK,204.0,29.14,160.62,2.0,66*,0.0,1.0,13.0,14.0,0.0,,,,,,3.8,0
2025,Ashwani Kumar,Bowler,Pace,0.0,,,,,,,,,11.0,11.31,21.09,11.18,24/4,0.0,0.3,0
2023,Atharva Taide,Batsman,Non-WK,186.0,26.57,144.18,0.0,66,0.0,2.0,6.0,20.0,0.0,,,,,,0.2,0
2024,Atharva Taide,Batsman,Non-WK,61.0,30.5,156.41,0.0,46,0.0,0.0,2.0,7.0,0.0,,,,,,0.2,0
2025,Atharva Taide,Batsman,Non-WK,13.0,13.0,144.44,0.0,13,0.0,0.0,0.0,3.0,0.0,,,,,,0.3,0
2023,Avesh Khan,Bowler,Pace,0.0,,,,,,,,,8.0,9.75,,21.75,3/25,0.0,10.0,0
2025,Avesh Khan,Bowler,Pace,21.0,21.0,175.0,3.0,19*,0.0,0.0,1.0,3.0,13.0,10.28,37.46,21.84,37/3,0.0,9.75,0
2023,Axar Patel,All-Rounder,Batting,283.0,28.3,139.4,3.0,54,0.0,1.0,15.0,21.0,11.0,7.19,,25.63,2/13,0.0,9.0,0
2024,Axar Patel,All-Rounder,Batting,235.0,29.37,131.28,4.0,66,0.0,2.0,10.0,19.0,11.0,7.65,,24.0,2/25,0.0,9.0,0
2025,Axar Patel,All-Rounder,Batting,263.0,26.3,157.48,1.0,43,0.0,0.0,15.0,23.0,5.0,8.47,57.6,40.8,19/2,0.0,16.5,0
2023,Ayush Badoni,All-Rounder,Batting,238.0,23.8,138.37,2.0,59*,0.0,1.0,12.0,13.0,0.0,,,,,,0.2,0
2024,Ayush Badoni,All-Rounder,Batting,235.0,29.37,137.42,4.0,55*,0.0,2.0,5.0,22.0,0.0,,,,,,0.2,0
2025,Ayush Badoni,All-Rounder,Batting,329.0,32.9,148.19,1.0,74,0.0,2.0,14.0,27.0,2.0,7.8,6.5,5.0,2-Apr,0.0,4.0,0
2025,Ayush Mhatre,Batsman,Non-WK,240.0,34.29,188.97,0.0,94,0.0,1.0,11.0,31.0,0.0,,,,,,0.3,0
2024,Azmatullah Omarzai,All-Rounder,Bowling,42.0,10.5,127.27,0.0,17,0.0,0.0,2.0,2.0,4.0,8.85,,31.5,2/27,0.0,0.5,1
2025,Azmatullah Omarzai,All-Rounder,Bowling,57.0,14.25,139.02,1.0,21*,0.0,0.0,3.0,6.0,8.0,10.33,34.87,20.25,33/2,0.0,0.5,1
2023,Ben Stokes,All-Rounder,Batting,15.0,7.5,107.14,0.0,8,0.0,0.0,0.0,2.0,0.0,,,,,,16.25,1
2023,Bhuvneshwar Kumar,Bowler,Pace,42.0,14.0,89.36,3.0,27,0.0,0.0,0.0,4.0,16.0,8.33,,19.12,5/30,1.0,4.2,0
2024,Bhuvneshwar Kumar,Bowler,Pace,23.0,7.66,79.31,2.0,13,0.0,0.0,0.0,3.0,11.0,9.35,,31.09,3/41,0.0,4.2,0
2025,Bhuvneshwar Kumar,Bowler,Pace,14.0,4.67,56.0,3.0,8,0.0,0.0,0.0,1.0,17.0,9.28,28.41,18.35,33/3,0.0,10.75,0
2023,Cameron Green,All-Rounder,Batting,452.0,50.22,160.28,7.0,100*,1.0,2.0,22.0,40.0,6.0,9.5,,38.0,2/41,0.0,17.5,1
2024,Cameron Green,All-Rounder,Batting,255.0,31.87,143.25,4.0,46,0.0,0.0,10.0,22.0,10.0,8.61,,21.1,2/12,0.0,17.5,1
2023,Chakaravarthy Varun,Bowler,Spin,0.0,,,,,,,,,20.0,8.14,,15.8,4/15,0.0,8.0,0
2024,Chakaravarthy Varun,Bowler,Spin,0.0,,,,,,,,,21.0,8.04,,14.28,3/16,0.0,12,0
2023,Chetan Sakariya,Bowler,Pace,4.0,4.0,66.66,1.0,4,0.0,0.0,0.0,1.0,3.0,11.12,,16.0,2/53,0.0,0.5,0
2023,Chris Jordan,Bowler,Pace,6.0,3.0,50.0,0.0,4,0.0,0.0,0.0,0.0,3.0,10.77,,44.0,1/7,0.0,0.2,1
2025,Corbin Bosch,All-Rounder,Bowling,47.0,23.5,146.87,0.0,27,0.0,0.0,3.0,3.0,1.0,7.85,55.0,42.0,26/1,0.0,0.3,1
2024,Darshan Nalkande,Bowler,Pace,12.0,12.0,109.09,0.0,12,0.0,0.0,1.0,0.0,3.0,9.31,,9.66,2/21,0.0,0.2,0
2024,Daryl Mitchell,All-Rounder,Batting,318.0,28.9,142.6,2.0,63,0.0,2.0,10.0,27.0,1.0,11.66,,36.0,1/18,0.0,14.0,1
2023,Dasun Shanaka,Batsman,Non-WK,26.0,13.0,100.0,1.0,17,0.0,0.0,1.0,2.0,0.0,,,,,,0.2,1
2023,David Miller,Batsman,Non-WK,259.0,32.37,145.5,5.0,46,0.0,0.0,13.0,18.0,0.0,,,,,,3.0,1
2024,David Miller,Batsman,Non-WK,210.0,35.0,151.07,3.0,55,0.0,1.0,8.0,20.0,0.0,,,,,,3.0,1
2025,David Miller,Batsman,Non-WK,153.0,30.6,127.5,6.0,27*,0.0,0.0,4.0,13.0,0.0,,,,,,7.50,1
2023,David Warner,Batsman,Non-WK,516.0,36.85,131.63,0.0,86,0.0,6.0,10.0,69.0,0.0,,,,,,6.25,1
2024,David Warner,Batsman,Non-WK,168.0,21.0,134.4,0.0,52,0.0,1.0,10.0,17.0,0.0,,,,,,6.25,1
2023,David Wiese,Batsman,Non-WK,21.0,21.0,190.9,2.0,12*,0.0,0.0,3.0,0.0,0.0,,,,,,0.2,1
2023,David Willey,All-Rounder,Bowling,35.0,0.0,109.37,3.0,20*,0.0,0.0,0.0,4.0,3.0,7.0,,30.0,2/16,0.0,2.0,1
2023,Deepak Chahar,Bowler,Pace,0.0,,,,,,,,,13.0,8.73,,15.69,3/22,0.0,14.0,0
2024,Deepak Chahar,Bowler,Pace,0.0,,,,,,,,,5.0,8.59,,28.2,2/28,0.0,14.0,0
2025,Deepak Chahar,Bowler,Pace,37.0,37.0,148.0,3.0,28*,0.0,0.0,2.0,3.0,11.0,9.17,34.18,22.36,2-Dec,0.0,9.25,0
2023,Deepak Hooda,Batsman,Non-WK,84.0,7.63,93.33,1.0,17,0.0,0.0,2.0,3.0,0.0,,,,,,5.75,0
2024,Deepak Hooda,Batsman,Non-WK,145.0,18.12,138.09,1.0,50,0.0,1.0,3.0,16.0,0.0,,,,,,5.75,0
2025,Deepak Hooda,Batsman,Non-WK,31.0,6.2,75.6,0.0,22,0.0,0.0,1.0,2.0,0.0,,,,,,1.70,0
2023,Devdutt Padikkal,Batsman,Non-WK,261.0,26.1,130.5,1.0,52,0.0,2.0,6.0,31.0,0.0,,,,,,7.75,0
2024,Devdutt Padikkal,Batsman,Non-WK,38.0,5.42,71.69,0.0,13,0.0,0.0,0.0,3.0,0.0,,,,,,7.75,0
2025,Devdutt Padikkal,Batsman,Non-WK,247.0,27.44,150.6,1.0,61,0.0,2.0,14.0,21.0,0.0,,,,,,7.75,0
2023,Devon Conway,Batsman,Non-WK,672.0,51.69,139.7,2.0,92*,0.0,6.0,18.0,77.0,0.0,,,,,,1.0,1
2025,Devon Conway,Batsman,Non-WK,156.0,26.0,131.09,0.0,69,0.0,2.0,4.0,17.0,0.0,,,,,,6.25,1
2024,Dewald Brevis,Batsman,Non-WK,69.0,23.0,116.94,0.0,46,0.0,0.0,5.0,3.0,0.0,,,,,,3.0,1
2025,Dewald Brevis,Batsman,Non-WK,225.0,37.5,180.0,0.0,57,0.0,2.0,17.0,13.0,0.0,,,,,,2.2,1
2023,Dhruv Jurel,Batsman,WK,152.0,21.71,172.72,4.0,34*,0.0,0.0,9.0,11.0,0.0,,,,,,0.2,0
2024,Dhruv Jurel,Batsman,WK,195.0,24.37,138.29,3.0,56*,0.0,2.0,7.0,18.0,0.0,,,,,,0.2,0
2025,Dhruv Jurel,Batsman,WK,333.0,37.0,156.33,4.0,70,0.0,2.0,22.0,22.0,0.0,,,,,,14,0
2025,Digvesh Singh,Bowler,Spin,1.0,1.0,33.33,1.0,1,0.0,0.0,0.0,0.0,14.0,8.25,30.64,22.28,30/2,0.0,0.3,0
2023,Dinesh Karthik,Batsman,WK,140.0,11.66,134.61,1.0,30,0.0,0.0,5.0,13.0,0.0,,,,,,5.5,0
2024,Dinesh Karthik,Batsman,WK,326.0,36.22,187.35,4.0,83,0.0,2.0,22.0,27.0,0.0,,,,,,5.5,0
2024,Donovan Ferreira,Batsman,WK,8.0,4.0,72.72,0.0,7,0.0,0.0,0.0,0.0,0.0,,,,,,0.2,1
2025,Donovan Ferreira,Batsman,WK,1.0,1.0,33.33,0.0,1,0.0,0.0,0.0,0.0,0.0,,,,,,0.75,1
2025,Dushmantha Chameera,Bowler,Pace,10.0,,71.42,3.0,8*,0.0,0.0,0.0,0.0,4.0,11.4,42.75,22.5,24/1,0.0,0.75,1
2025,Eshan Malinga,Bowler,Pace,0.0,,,,,,,,,13.0,8.92,18.3,12.3,31/3,0.0,0.3,1
2023,Faf Du Plessis,Batsman,Non-WK,730.0,56.15,153.68,1.0,84,0.0,8.0,36.0,60.0,0.0,,,,,,7.0,1
2024,Faf Du Plessis,Batsman,Non-WK,438.0,29.2,161.62,0.0,64,0.0,4.0,21.0,47.0,0.0,,,,,,7.0,1
2025,Faf Du Plessis,Batsman,Non-WK,202.0,22.44,123.92,0.0,62,0.0,2.0,8.0,18.0,0.0,,,,,,2.0,1
2023,Fazalhaq Farooqi,Bowler,Pace,0.0,,,,,,,,,4.0,8.77,,20.0,2/41,0.0,0.2,1
2025,Fazalhaq Farooqi,Bowler,Pace,2.0,,100.0,1.0,2*,0.0,0.0,0.0,0.0,0.0,,,,,,2.0,1
2023,Glenn Phillips,All-Rounder,Bowling,39.0,7.8,177.27,0.0,25,0.0,0.0,4.0,2.0,1.0,6.66,,18.0,1/10,0.0,0.2,1
2024,Gerald Coetzee,Bowler,Pace,14.0,3.5,63.63,1.0,8,0.0,0.0,1.0,0.0,13.0,10.17,,15.46,4/34,0.0,5.0,1
2025,Gerald Coetzee,Bowler,Pace,17.0,8.5,154.54,0.0,12,0.0,0.0,1.0,2.0,2.0,10.91,65.5,36.0,1-Oct,0.0,5.0,1
2023,Glenn Maxwell,All-Rounder,Batting,400.0,33.33,183.48,2.0,77,0.0,5.0,31.0,29.0,3.0,9.09,,20.66,1/3,0.0,11.0,1
2024,Glenn Maxwell,All-Rounder,Batting,52.0,5.77,120.93,0.0,28,0.0,0.0,2.0,6.0,6.0,8.06,,16.0,2/23,0.0,11.0,1
2025,Glenn Maxwell,All-Rounder,Batting,48.0,8.0,97.95,0.0,30,0.0,0.0,1.0,5.0,4.0,8.46,27.5,19.5,1-May,0.0,11.0,1
2024,Gulbadin Naib,Batsman,Non-WK,19.0,19.0,126.66,0.0,19,0.0,0.0,1.0,1.0,0.0,,,,,,0.2,1
2023,Hardik Pandya,All-Rounder,Batting,346.0,31.45,136.75,4.0,66,0.0,2.0,15.0,26.0,3.0,9.12,,50.0,1/10,0.0,15.0,0
2024,Hardik Pandya,All-Rounder,Batting,216.0,18.0,143.04,1.0,46,0.0,0.0,11.0,17.0,11.0,10.75,,19.63,3/31,0.0,15.0,0
2025,Hardik Pandya,All-Rounder,Batting,224.0,24.89,163.5,3.0,48*,0.0,0.0,12.0,18.0,14.0,9.77,24.42,15.0,36/5,1.0,16.35,0
2023,Harpreet Brar,All-Rounder,Bowling,52.0,8.66,126.82,2.0,17*,0.0,0.0,2.0,5.0,9.0,8.02,,18.11,4/30,0.0,3.8,0
2024,Harpreet Brar,All-Rounder,Bowling,75.0,37.5,138.88,5.0,29,0.0,0.0,2.0,8.0,7.0,7.97,,32.57,2/13,0.0,3.8,0
2025,Harpreet Brar,All-Rounder,Bowling,11.0,11.0,84.61,1.0,7*,0.0,0.0,1.0,0.0,10.0,8.63,19.0,13.2,22/3,0.0,3.8,0
2023,Harpreet Singh,Batsman,Non-WK,76.0,25.33,128.81,0.0,41,0.0,0.0,3.0,8.0,0.0,,,,,,0.4,0
2024,Harpreet Singh,Batsman,Non-WK,27.0,13.5,79.41,0.0,14,0.0,0.0,0.0,2.0,0.0,,,,,,0.4,0
2023,Harry Brook,Batsman,Non-WK,190.0,21.11,123.37,2.0,100*,1.0,0.0,4.0,23.0,0.0,,,,,,13.25,1
2025,Harsh Dubey,Bowler,Pace,0.0,,,,,,,,,5.0,9.8,19.6,12.0,34/3,0.0,0.3,0
2023,Harshal Patel,Bowler,Pace,6.0,3.0,100.0,0.0,6,0.0,0.0,1.0,0.0,14.0,9.65,,20.14,3/32,0.0,11.75,0
2024,Harshal Patel,Bowler,Pace,13.0,4.33,68.42,1.0,12,0.0,0.0,1.0,1.0,24.0,9.73,,12.25,3/15,0.0,11.75,0
2025,Harshal Patel,Bowler,Pace,21.0,10.5,80.76,2.0,12*,0.0,0.0,0.0,0.0,16.0,9.8,26.87,16.43,28/4,0.0,11.75,0
2023,Harshit Rana,All-Rounder,Bowling,0.0,,,,,,,,,5.0,8.64,,20.4,2/33,0.0,0.2,0
2024,Harshit Rana,All-Rounder,Bowling,0.0,,,,,,,,,19.0,9.08,,13.31,3/24,0.0,0.2,0
2025,Harshit Rana,All-Rounder,Bowling,57.0,14.25,107.54,3.0,34,0.0,0.0,3.0,5.0,15.0,10.18,29.86,17.6,25/3,0.0,4.0,0
2023,Heinrich Klaasen,Batsman,WK,448.0,49.77,177.07,2.0,104,1.0,2.0,25.0,32.0,0.0,,,,,,5.25,1
2024,Heinrich Klaasen,Batsman,WK,479.0,39.91,171.07,3.0,80*,0.0,4.0,38.0,19.0,0.0,,,,,,5.25,1
2025,Heinrich Klaasen,Batsman,WK,487.0,44.27,172.69,2.0,105*,1.0,1.0,25.0,42.0,0.0,,,,,,23.0,1
2023,Hrithik Shokeen,All-Rounder,Bowling,23.0,23.0,135.29,2.0,18*,0.0,0.0,0.0,4.0,3.0,9.84,,38.0,2/34,0.0,0.2,0
2023,Ishan Kishan,Batsman,WK,454.0,30.26,142.76,0.0,75,0.0,3.0,18.0,54.0,0.0,,,,,,15.25,0
2024,Ishan Kishan,Batsman,WK,320.0,22.85,148.83,0.0,69,0.0,1.0,16.0,35.0,0.0,,,,,,15.25,0
2025,Ishan Kishan,Batsman,WK,354.0,35.4,152.58,3.0,106*,1.0,1.0,15.0,33.0,0.0,,,,,,11.25,0
2023,Ishant Sharma,Bowler,Pace,0.0,,,,,,,,,10.0,8.24,,15.0,2/19,0.0,0.5,0
2024,Ishant Sharma,Bowler,Pace,0.0,,,,,,,,,10.0,9.81,,16.2,3/34,0.0,0.5,0
2025,Ishant Sharma,Bowler,Pace,0.0,,,,,,,,,4.0,11.18,51.25,27.5,18/1,0.0,0.5,0
2025,Jacob Bethell,Batsman,Non-WK,67.0,33.5,171.79,0.0,55,0.0,1.0,3.0,9.0,0.0,,,,,,0.3,1
2025,Jake Fraser-Mcgurk,Batsman,Non-WK,55.0,9.17,105.76,0.0,38,0.0,0.0,2.0,7.0,0.0,,,,,,0.3,1
2024,Jake Fraser-Mcgurk,Batsman,Non-WK,330.0,36.66,234.04,0.0,84,0.0,4.0,28.0,32.0,0.0,,,,,,9.0,1
2025,Jamie Overton,Batsman,Non-WK,15.0,,214.28,2.0,11*,0.0,0.0,1.0,1.0,0.0,,,,,,1.5,1
2023,Jason Behrendorff,Bowler,Pace,6.0,0.0,66.66,2.0,3*,0.0,0.0,0.0,0.0,14.0,9.21,,18.0,3/23,0.0,0.75,1
2023,Jason Holder,All-Rounder,Bowling,12.0,6.0,109.09,1.0,11,0.0,0.0,1.0,0.0,4.0,9.96,,42.75,2/29,0.0,5.75,1
2023,Jason Roy,Batsman,Non-WK,285.0,35.62,151.59,0.0,61,0.0,2.0,12.0,36.0,0.0,,,,,,2.8,1
2024,Jasprit Bumrah,Bowler,Pace,12.0,0.0,100.0,4.0,8*,0.0,0.0,0.0,1.0,20.0,6.48,,15.55,5/21,1.0,12.0,0
2025,Jasprit Bumrah,Bowler,Pace,0.0,,,,,,,,,18.0,6.67,17.55,15.77,22/4,0.0,18.0,0
2023,Jaydev Unadkat,Bowler,Pace,9.0,9.0,128.57,0.0,9,0.0,0.0,0.0,1.0,0.0,,,,,,1.6,0
2024,Jaydev Unadkat,Bowler,Pace,24.0,8.0,92.3,2.0,8*,0.0,0.0,1.0,2.0,8.0,10.23,,23.37,3/30,0.0,1.6,0
2025,Jaydev Unadkat,Bowler,Pace,0.0,,,,,,,,,11.0,7.34,15.9,13.0,24/3,0.0,1.6,0
2023,Jitesh Sharma,Batsman,WK,309.0,23.76,156.06,1.0,49*,0.0,0.0,21.0,22.0,0.0,,,,,,0.2,0
2024,Jitesh Sharma,Batsman,WK,187.0,17.0,131.69,1.0,32*,0.0,0.0,12.0,9.0,0.0,,,,,,0.2,0
2025,Jitesh Sharma,Batsman,WK,261.0,37.29,176.35,4.0,85*,0.0,1.0,17.0,24.0,0.0,,,,,,11.0,0
2023,Joe Root,Batsman,Non-WK,10.0,10.0,66.66,0.0,10,0.0,0.0,0.0,1.0,0.0,,,,,,0.2,1
2023,Jofra Archer,Bowler,Pace,4.0,0.0,100.0,2.0,3*,0.0,0.0,0.0,0.0,2.0,9.5,,60.0,1/35,0.0,0.2,1
2025,Jofra Archer,Bowler,Pace,63.0,10.5,126.0,1.0,30,0.0,0.0,4.0,3.0,11.0,9.47,39.18,24.81,25/3,0.0,12.50,1
2024,Jonny Bairstow,Batsman,WK,298.0,29.8,152.82,1.0,108*,1.0,0.0,14.0,33.0,0.0,,,,,,6.75,1
2025,Jonny Bairstow,Batsman,WK,85.0,42.5,184.78,0.0,47,0.0,0.0,5.0,7.0,0.0,,,,,,6.75,1
2023,Jos Buttler,Batsman,WK,392.0,28.0,139.0,0.0,95,0.0,4.0,14.0,42.0,0.0,,,,,,10.0,1
2024,Jos Buttler,Batsman,WK,359.0,39.88,140.78,2.0,107*,2.0,0.0,12.0,36.0,0.0,,,,,,10.0,1
2025,Jos Buttler,Batsman,WK,538.0,59.78,163.03,4.0,97*,0.0,5.0,24.0,52.0,0.0,,,,,,15.75,1
2023,Josh Hazlewood,Bowler,Pace,0.0,,,,,,,,,3.0,8.44,,18.0,2/15,0.0,0.2,1
2025,Josh Hazlewood,Bowler,Pace,0.0,,,,,,,,,22.0,8.77,17.54,12.0,33/4,0.0,12.50,1
2025,Josh Inglis,Batsman,Non-WK,278.0,30.89,162.57,2.0,73,0.0,1.0,16.0,26.0,0.0,,,,,,2.60,1
2023,Josh Little,Bowler,Pace,0.0,,,,,,,,,7.0,8.64,,29.14,2/25,0.0,0.2,1
2024,Josh Little,Bowler,Pace,0.0,,,,,,,,,4.0,11.25,,6.0,4/45,0.0,0.2,1
2023,K L Rahul,Batsman,WK,274.0,34.25,113.22,1.0,74,0.0,2.0,4.0,28.0,0.0,,,,,,17.0,0
2024,K L Rahul,Batsman,WK,520.0,37.14,136.12,0.0,82,0.0,4.0,19.0,45.0,0.0,,,,,,17.0,0
2025,K L Rahul,Batsman,WK,539.0,53.9,149.72,3.0,112*,1.0,3.0,21.0,52.0,0.0,,,,,,14.0,0
2023,Kagiso Rabada,Bowler,Pace,0.0,,,,,,,,,7.0,10.08,,19.71,2/34,0.0,9.25,1
2024,Kagiso Rabada,Bowler,Pace,20.0,20.0,142.85,2.0,11*,0.0,0.0,2.0,0.0,11.0,8.85,,22.9,2/18,0.0,9.25,1
2025,Kagiso Rabada,Bowler,Pace,9.0,9.0,112.5,1.0,7*,0.0,0.0,1.0,0.0,2.0,11.57,81.0,42.0,41/1,0.0,10.75,1
2025,Kamindu Mendis,All-Rounder,Batting,92.0,30.67,133.33,2.0,32*,0.0,0.0,2.0,7.0,2.0,8.57,30.0,21.0,1/4,0.0,0.3,1
2024,Kane Williamson,Batsman,Non-WK,27.0,13.5,100.0,0.0,26,0.0,0.0,0.0,4.0,0.0,,,,,,2.0,1
2023,Karan Sharma,Batsman,Non-WK,12.0,6.0,57.14,0.0,9,0.0,0.0,0.0,0.0,0.0,,,,,,0.2,0
2023,Karn Sharma,All-Rounder,Bowling,3.0,1.5,60.0,0.0,2,0.0,0.0,0.0,0.0,10.0,10.37,,12.9,2/19,0.0,0.5,0
2024,Karn Sharma,All-Rounder,Bowling,31.0,10.33,206.66,0.0,20,0.0,0.0,3.0,2.0,7.0,10.58,,20.57,2/29,0.0,0.5,0
2025,Karn Sharma,All-Rounder,Bowling,1.0,,100.0,1.0,1*,0.0,0.0,0.0,0.0,7.0,8.53,18.28,12.85,23/3,0.0,0.5,0
2025,Karun Nair,Batsman,Non-WK,198.0,24.75,172.17,0.0,89,0.0,1.0,10.0,24.0,0.0,,,,,,0.5,0
2024,Keshav Maharaj,Bowler,Spin,0.0,,,,,,,,,2.0,6.5,,18.0,2/23,0.0,0.2,1
2023,Khaleel Ahmed,Bowler,Pace,0.0,,,,,,,,,9.0,9.12,,22.0,2/24,0.0,5.25,0
2024,Khaleel Ahmed,Bowler,Pace,0.0,,,,,,,,,17.0,9.58,,17.64,2/21,0.0,5.25,0
2025,Khaleel Ahmed,Bowler,Pace,1.0,,50.0,2.0,1*,0.0,0.0,0.0,0.0,15.0,9.57,29.8,18.66,29/3,0.0,4.8,0
2023,Km Asif,Bowler,Pace,0.0,,,,,,,,,3.0,9.85,,28.0,2/42,0.0,0.2,0
2023,Krishnappa Gowtham,All-Rounder,Bowling,61.0,15.25,164.86,3.0,23,0.0,0.0,5.0,2.0,3.0,7.37,,32.0,1/10,0.0,0.2,0
2023,Krunal Pandya,All-Rounder,Bowling,188.0,18.8,113.93,4.0,49*,0.0,0.0,6.0,15.0,9.0,7.45,,28.0,3/18,0.0,8.25,0
2024,Krunal Pandya,All-Rounder,Bowling,133.0,33.25,126.66,8.0,43*,0.0,0.0,5.0,8.0,6.0,7.72,,33.0,3/11,0.0,8.25,0
2025,Krunal Pandya,All-Rounder,Bowling,109.0,18.17,126.74,1.0,73*,0.0,1.0,4.0,9.0,17.0,8.23,22.29,16.23,45/4,0.0,5.75,0
2024,Kuldeep Sen,Bowler,Pace,0.0,,,,,,,,,6.0,10.16,,12.0,3/41,0.0,0.8,0
2023,Kuldeep Yadav,Bowler,Spin,31.0,15.5,64.58,8.0,10*,0.0,0.0,0.0,2.0,10.0,7.36,,29.4,2/15,0.0,2.0,0
2024,Kuldeep Yadav,Bowler,Spin,47.0,15.66,114.63,2.0,35*,0.0,0.0,1.0,6.0,16.0,8.65,,16.12,4/55,0.0,2.0,0
2025,Kuldeep Yadav,Bowler,Spin,18.0,6.0,112.5,2.0,7,0.0,0.0,0.0,2.0,15.0,7.07,24.06,20.4,22/3,0.0,13.25,0
2023,Kuldip Yadav,Bowler,Pace,0.0,,,,,,,,,2.0,9.71,,21.0,1/18,0.0,0.2,0
2023,Kulwant Khejroliya,Bowler,Pace,0.0,,,,,,,,,2.0,14.76,,13.0,2/44,0.0,0.2,0
2025,Kulwant Khejroliya,Bowler,Pace,0.0,,,,,,,,,1.0,9.66,29.0,18.0,29/1,0.0,0.3,0
2023,Kumar Kartikeya,Bowler,Pace,6.0,6.0,85.71,0.0,6,0.0,0.0,0.0,1.0,5.0,8.73,,31.2,2/37,0.0,0.2,0
2025,Kumar Kartikeya,Bowler,Pace,3.0,1.5,60.0,0.0,2,0.0,0.0,0.0,0.0,2.0,9.75,39.0,24.0,21/1,0.0,0.2,0
2024,Kumar Kushagra,Batsman,Non-WK,3.0,1.0,42.85,0.0,2,0.0,0.0,0.0,0.0,0.0,,,,,,7.2,0
2025,Kusal Mendis,Batsman,Non-WK,20.0,20.0,200.0,0.0,20,0.0,0.0,2.0,1.0,0.0,,,,,,0.75,1
2024,Kwena Maphaka,Bowler,Pace,0.0,,,,,,,,,1.0,14.83,,36.0,1/23,0.0,0.2,1
2025,Kwena Maphaka,Bowler,Pace,8.0,,400.0,1.0,8*,0.0,0.0,0.0,2.0,1.0,10.8,54.0,30.0,32/1,0.0,1.5,1
2025,Kyle Jamieson,Bowler,Pace,0.0,,,,,,,,,5.0,9.8,29.4,18.0,48/3,0.0,2.0,1
2023,Kyle Mayers,Batsman,Non-WK,379.0,29.15,144.1,0.0,73,0.0,4.0,22.0,38.0,0.0,,,,,,0.5,1
2023,Lalit Yadav,All-Rounder,Bowling,66.0,13.2,111.86,1.0,38,0.0,0.0,0.0,8.0,2.0,9.07,,39.0,1/29,0.0,0.2,0
2024,Lalit Yadav,All-Rounder,Bowling,10.0,5.0,83.33,0.0,7,0.0,0.0,0.0,1.0,0.0,,,,,,0.2,0
2023,Liam Livingstone,All-Rounder,Batting,279.0,34.87,163.15,1.0,94,0.0,2.0,19.0,20.0,2.0,13.42,,21.0,1/19,0.0,11.5,1
2024,Liam Livingstone,All-Rounder,Batting,111.0,22.2,142.3,2.0,38*,0.0,0.0,7.0,8.0,3.0,7.0,,24.0,2/19,0.0,11.5,1
2025,Liam Livingstone,All-Rounder,Batting,112.0,16.0,133.33,1.0,54,0.0,1.0,9.0,4.0,2.0,8.44,38.0,27.0,28/2,0.0,11.5,1
2023,Litton Das,Batsman,Non-WK,4.0,4.0,100.0,0.0,4,0.0,0.0,0.0,1.0,0.0,,,,,,0.2,1
2024,Lizaad Williams,Bowler,Pace,0.0,,,,,,,,,1.0,12.0,,36.0,1/38,0.0,0.2,1
2025,Lockie Ferguson,Bowler,Pace,4.0,,400.0,1.0,4*,0.0,0.0,0.0,1.0,5.0,9.17,20.8,13.6,37/2,0.0,2.0,1
2024,Luke Wood,All-Rounder,Bowling,9.0,0.0,300.0,1.0,9*,0.0,0.0,1.0,0.0,1.0,15.5,,36.0,1/68,0.0,0.75,1
2025,Lungisani Ngidi,Bowler,Pace,0.0,,,,,,,,,4.0,10.12,20.25,12.0,30/3,0.0,1.0,1
2025,M Siddharth,Bowler,Pace,0.0,,,,,,,,,2.0,9.57,33.5,21.0,39/2,0.0,2.4,0
2025,Madhav Tiwari,Batsman,Non-WK,3.0,3.0,75.0,0.0,3,0.0,0.0,0.0,0.0,0.0,,,,,,0.3,0
2023,Maheesh Theekshana,Bowler,Spin,0.0,,,,,,,,,11.0,8.0,,26.72,2/23,0.0,0.7,1
2024,Maheesh Theekshana,Bowler,Spin,0.0,,,,,,,,,2.0,7.2,,60.0,1/27,0.0,0.7,1
2025,Maheesh Theekshana,Bowler,Spin,10.0,5.0,37.03,2.0,5,0.0,0.0,0.0,0.0,11.0,9.76,37.27,22.9,26/2,0.0,0.7,1
2023,Mahipal Lomror,Batsman,Non-WK,135.0,16.87,139.17,2.0,54*,0.0,1.0,8.0,9.0,0.0,,,,,,0.2,0
2024,Mahipal Lomror,Batsman,Non-WK,125.0,15.62,183.82,2.0,33,0.0,0.0,9.0,9.0,0.0,,,,,,1.7,0
2023,Manan Vohra,Batsman,Non-WK,10.0,10.0,90.9,0.0,10,0.0,0.0,0.0,1.0,0.0,,,,,,0.2,0
2023,Mandeep Singh,Batsman,Non-WK,14.0,4.66,87.5,0.0,12,0.0,0.0,1.0,0.0,0.0,,,,,,0.2,0
2024,Manimaran Siddharth,Bowler,Pace,0.0,,,,,,,,,1.0,7.88,,54.0,1/21,0.0,0.2,0
2023,Manish Pandey,Batsman,Non-WK,160.0,17.77,109.58,0.0,50,0.0,1.0,3.0,15.0,0.0,,,,,,0.5,0
2024,Manish Pandey,Batsman,Non-WK,42.0,42.0,135.48,0.0,42,0.0,0.0,2.0,2.0,0.0,,,,,,0.5,0
2025,Manish Pandey,Batsman,Non-WK,92.0,46.0,141.53,1.0,37,0.0,0.0,5.0,5.0,0.0,,,,,,0.75,0
2025,Manoj Bhandage,Batsman,Non-WK,1.0,1.0,25.0,0.0,1,0.0,0.0,0.0,0.0,0.0,,,,,,0.2,0
2023,Marco Jansen,All-Rounder,Bowling,39.0,13.0,90.69,3.0,17*,0.0,0.0,0.0,4.0,10.0,9.88,,16.2,2/16,0.0,0.2,1
2024,Marco Jansen,All-Rounder,Bowling,18.0,18.0,138.46,1.0,17,0.0,0.0,1.0,1.0,0.0,,,,,,0.2,1
2025,Marco Jansen,All-Rounder,Bowling,75.0,18.75,119.04,4.0,34*,0.0,0.0,4.0,3.0,16.0,9.2,27.12,17.68,17/3,0.0,7.0,1
2023,Marcus Stoinis,All-Rounder,Batting,408.0,31.38,150.0,2.0,89*,0.0,3.0,27.0,28.0,5.0,9.23,,13.0,2/20,0.0,10.0,1
2024,Marcus Stoinis,All-Rounder,Batting,388.0,32.33,147.52,2.0,124*,1.0,2.0,16.0,39.0,4.0,9.0,,21.0,1/3,0.0,10.0,1
2025,Marcus Stoinis,All-Rounder,Batting,160.0,26.67,186.04,5.0,44*,0.0,0.0,15.0,8.0,1.0,12.35,175.0,85.0,14/1,0.0,10.0,1
2023,Matheesha Pathirana,Bowler,Pace,0.0,,,,,,,,,19.0,8.0,,14.63,3/15,0.0,0.2,1
2024,Matheesha Pathirana,Bowler,Pace,0.0,,,,,,,,,13.0,7.68,,10.15,4/28,0.0,0.2,1
2025,Matheesha Pathirana,Bowler,Pace,0.0,,,,,,,,,13.0,10.13,32.61,19.3,36/3,0.0,13.0,1
2023,Mathew Short,Batsman,Non-WK,117.0,19.5,127.17,0.0,36,0.0,0.0,4.0,15.0,0.0,,,,,,1.5,1
2024,Matt Henry,Bowler,Pace,0.0,,,,,,,,,1.0,9.16,,72.0,1/28,0.0,2.0,1
2025,Matthew Breetzke,Batsman,Non-WK,14.0,14.0,116.66,0.0,14,0.0,0.0,1.0,1.0,0.0,,,,,,0.3,1
2024,Matthew Wade,Batsman,WK,4.0,4.0,66.66,0.0,4,0.0,0.0,0.0,0.0,0.0,,,,,,2.4,1
2023,Mayank Agarwal,Batsman,Non-WK,270.0,27.0,128.57,0.0,83,0.0,1.0,6.0,29.0,0.0,,,,,,8.25,0
2024,Mayank Agarwal,Batsman,Non-WK,64.0,16.0,112.28,0.0,32,0.0,0.0,1.0,8.0,0.0,,,,,,8.25,0
2025,Mayank Agarwal,Batsman,Non-WK,95.0,31.67,148.43,1.0,41*,0.0,0.0,2.0,10.0,0.0,,,,,,8.25,0
2023,Mayank Markande,Bowler,Pace,21.0,0.0,161.53,3.0,18*,0.0,0.0,1.0,2.0,12.0,7.89,,19.0,4/15,0.0,0.5,0
2024,Mayank Markande,Bowler,Pace,0.0,,,,,,,,,8.0,11.77,,16.5,2/26,0.0,0.5,0
2024,Mayank Yadav,Bowler,Pace,0.0,,,,,,,,,7.0,6.98,,10.42,3/14,0.0,0.2,0
2025,Mayank Yadav,Bowler,Pace,0.0,,,,,,,,,2.0,12.5,50.0,24.0,40/2,0.0,11.0,0
2023,Michael Bracewell,All-Rounder,Bowling,58.0,29.0,123.4,2.0,26,0.0,0.0,1.0,6.0,6.0,8.63,,11.0,2/13,0.0,0.2,1
2023,Mitchell Marsh,All-Rounder,Batting,128.0,14.22,131.95,0.0,63,0.0,1.0,7.0,11.0,12.0,8.42,,10.08,4/27,0.0,6.5,1
2024,Mitchell Marsh,All-Rounder,Batting,61.0,15.25,160.52,0.0,23,0.0,0.0,3.0,9.0,1.0,12.87,,48.0,1/37,0.0,6.5,1
2025,Mitchell Marsh,All-Rounder,Batting,627.0,48.23,163.7,0.0,117,1.0,6.0,37.0,56.0,0.0,,,,,,6.5,1
2023,Mitchell Santner,All-Rounder,Bowling,0.0,,,,,,,,,3.0,6.75,,24.0,2/28,0.0,1.9,1
2024,Mitchell Santner,All-Rounder,Bowling,14.0,4.66,82.35,0.0,11,0.0,0.0,0.0,1.0,2.0,7.11,,27.0,1/10,0.0,1.9,1
2025,Mitchell Santner,All-Rounder,Bowling,40.0,20.0,121.21,6.0,18*,0.0,0.0,3.0,2.0,10.0,7.92,31.3,23.7,3-Nov,0.0,2.0,1
2024,Mitchell Starc,Bowler,Pace,9.0,4.5,81.81,3.0,6*,0.0,0.0,0.0,1.0,17.0,10.61,,14.76,4/33,0.0,24.75,1
2025,Mitchell Starc,Bowler,Pace,6.0,3.0,60.0,4.0,2*,0.0,0.0,0.0,0.0,14.0,10.16,26.14,15.42,35/5,1.0,11.75,1
2023,Moeen Ali,All-Rounder,Batting,124.0,17.71,136.26,3.0,23,0.0,0.0,6.0,12.0,9.0,7.5,,17.33,4/26,0.0,8.0,1
2024,Moeen Ali,All-Rounder,Batting,128.0,25.6,130.61,0.0,56,0.0,1.0,8.0,7.0,2.0,8.87,,24.0,2/23,0.0,8.0,1
2025,Moeen Ali,All-Rounder,Batting,5.0,2.5,35.71,0.0,5,0.0,0.0,0.0,0.0,6.0,8.5,22.66,16.0,23/2,0.0,2.0,1
2024,Mohammad Nabi,All-Rounder,Bowling,35.0,8.75,112.9,1.0,23,0.0,0.0,2.0,2.0,2.0,8.83,,37.0,1/16,0.0,1.5,1
2023,Mohammad Shami,Bowler,Pace,5.0,2.5,83.33,0.0,5,0.0,0.0,0.0,1.0,28.0,8.03,,13.92,4/11,0.0,0.2,0
2025,Mohammad Shami,Bowler,Pace,10.0,10.0,100.0,3.0,6*,0.0,0.0,0.0,1.0,6.0,11.23,56.16,30.0,28/2,0.0,10.0,0
2023,Mohammed Siraj,Bowler,Pace,0.0,,,,,,,,,19.0,7.5,,15.78,4/21,0.0,7.0,0
2024,Mohammed Siraj,Bowler,Pace,12.0,6.0,150.0,1.0,12,0.0,0.0,2.0,0.0,15.0,9.18,,21.6,3/43,0.0,7.0,0
2025,Mohammed Siraj,Bowler,Pace,3.0,,75.0,1.0,3*,0.0,0.0,0.0,0.0,16.0,9.24,32.93,21.37,17/4,0.0,12.25,0
2025,Mohd Arshad Khan,All-Rounder,Bowling,23.0,11.5,121.05,3.0,20,0.0,0.0,3.0,0.0,6.0,10.33,36.16,21.0,1-Jul,0.0,1.3,0
2023,Mohit Sharma,Bowler,Pace,0.0,,,,,,,,,27.0,8.17,,9.81,5/10,1.0,0.2,0
2024,Mohit Sharma,Bowler,Pace,0.0,,,,,,,,,13.0,10.89,,18.0,3/25,0.0,0.2,0
2025,Mohit Sharma,Bowler,Pace,1.0,1.0,33.33,1.0,1*,0.0,0.0,0.0,0.0,2.0,10.28,128.5,75.0,1-Oct,0.0,2.2,0
2023,Mohsin Khan,Bowler,Pace,0.0,,,,,,,,,3.0,10.7,,20.0,1/24,0.0,0.2,0
2024,Mohsin Khan,Bowler,Pace,0.0,,,,,,,,,10.0,10.13,,22.8,2/29,0.0,4.0,0
2023,MS Dhoni,Batsman,WK,104.0,26.0,182.45,8.0,32*,0.0,0.0,10.0,3.0,0.0,,,,,,12.0,0
2024,MS Dhoni,Batsman,WK,161.0,53.66,220.54,8.0,37*,0.0,0.0,13.0,14.0,0.0,,,,,,12.0,0
2025,MS Dhoni,Batsman,WK,196.0,24.50,135.17,5.0,30*,0.0,0.0,12.0,12.0,0.0,,,,,,4.0,0
2025,Mujeeb-Ur-Rahman,Bowler,Pace,0.0,,,,,,,,,1.0,14.0,28.0,12.0,28/1,0.0,2.0,1
2025,Mukesh Choudhary,Bowler,Pace,0.0,,,,,,,,,1.0,11.83,71.0,36.0,21/1,0.0,0.3,0
2023,Mukesh Kumar,Bowler,Pace,7.0,0.0,77.77,3.0,6*,0.0,0.0,0.0,0.0,7.0,10.51,,26.57,2/30,0.0,5.5,0
2024,Mukesh Kumar,Bowler,Pace,3.0,3.0,33.33,1.0,3,0.0,0.0,0.0,0.0,17.0,10.36,,12.52,3/14,0.0,5.5,0
2025,Mukesh Kumar,Bowler,Pace,0.0,,,,,,,,,12.0,10.32,34.0,19.75,33/4,0.0,8.0,0
2023,Musheer Khan,All-Rounder,Batting,156.0,22.28,165.95,6.0,41*,0.0,0.0,9.0,13.0,0.0,,,,,,0.2,0
2024,Musheer Khan,All-Rounder,Batting,127.0,18.14,169.33,0.0,58,0.0,1.0,9.0,9.0,0.0,,,,,,0.2,0
2025,Musheer Khan,All-Rounder,Batting,0.0,,,,,,,,,1.0,13.5,27.0,12.0,27/1,0.0,0.3,0
2024,Mustafizur Rahman,Bowler,Pace,0.0,,,,,,,,,14.0,9.26,,14.71,4/29,0.0,2.0,1
2025,Mustafizur Rahman,Bowler,Pace,0.0,,,,,,,,,4.0,7.9,21.75,16.5,33/3,0.0,2.0,1
2025,Tilak Varma,Batsman,Non-WK,343.0,31.18,138.3,2.0,59,0.0,2.0,16.0,23.0,0.0,,,,,,8.0,0
2024,Naman Dhir,Batsman,Non-WK,140.0,23.33,177.21,1.0,62*,0.0,1.0,10.0,12.0,0.0,,,,,,0.2,0
2025,Naman Dhir,Batsman,Non-WK,252.0,31.5,182.6,4.0,46,0.0,0.0,13.0,24.0,0.0,,,,,,5.25,0
2024,Nandre Burger,Bowler,Pace,0.0,,,,,,,,,7.0,8.52,,14.57,2/29,0.0,3.5,1
2023,Narayan Jagadeesan,Batsman,Non-WK,89.0,14.83,109.87,0.0,36,0.0,0.0,1.0,14.0,0.0,,,,,,0.2,0
2023,Nathan Ellis,Bowler,Pace,0.0,,,,,,,,,13.0,8.92,,17.53,4/30,0.0,0.2,1
2024,Nathan Ellis,Bowler,Pace,0.0,,,,,,,,,1.0,6.0,,24.0,1/24,0.0,0.2,1
2025,Nathan Ellis,Bowler,Pace,0.0,,,,,,,,,1.0,9.5,38.0,24.0,38/1,0.0,2.0,1
2023,Navdeep Saini,Bowler,Pace,0.0,,,,,,,,,3.0,12.33,,12.0,3/40,0.0,0.2,0
2023,Naveen-Ul-Haq,Bowler,Pace,16.0,16.0,76.19,2.0,13,0.0,0.0,0.0,2.0,11.0,7.82,,15.27,4/38,0.0,0.2,1
2024,Naveen-Ul-Haq,Bowler,Pace,0.0,,,,,,,,,14.0,10.19,,15.64,3/49,0.0,0.5,1
2023,Nehal Wadhera,Batsman,Non-WK,241.0,26.77,145.18,1.0,64,0.0,2.0,12.0,23.0,0.0,,,,,,0.2,0
2024,Nehal Wadhera,Batsman,Non-WK,109.0,18.16,129.76,0.0,49,0.0,0.0,6.0,9.0,0.0,,,,,,0.2,0
2025,Nehal Wadhera,Batsman,Non-WK,369.0,30.75,145.84,3.0,70,0.0,2.0,21.0,28.0,0.0,,,,,,4.2,0
2023,Nicholas Pooran,Batsman,WK,358.0,29.83,172.94,3.0,62,0.0,2.0,26.0,26.0,0.0,,,,,,16.0,1
2024,Nicholas Pooran,Batsman,WK,499.0,62.37,178.21,6.0,75,0.0,3.0,36.0,35.0,0.0,,,,,,16.0,1
2025,Nicholas Pooran,Batsman,WK,524.0,43.67,196.25,2.0,87*,0.0,5.0,40.0,45.0,0.0,,,,,,21.0,1
2024,Nitish Kumar Reddy,All-Rounder,Batting,303.0,33.66,142.92,2.0,76*,0.0,2.0,21.0,15.0,3.0,11.62,,26.33,2/17,0.0,0.2,0
2025,Nitish Kumar Reddy,All-Rounder,Batting,182.0,22.75,118.95,3.0,32,0.0,0.0,4.0,16.0,2.0,9.4,23.5,15.0,13/1,0.0,6.0,0
2023,Nitish Rana,All-Rounder,Batting,413.0,31.76,140.95,1.0,75,0.0,3.0,20.0,39.0,3.0,8.49,,17.66,2/17,0.0,8.0,0
2024,Nitish Rana,All-Rounder,Batting,42.0,21.0,123.52,0.0,33,0.0,0.0,1.0,5.0,0.0,,,,,,8.0,0
2025,Nitish Rana,All-Rounder,Batting,217.0,21.7,161.94,1.0,81,0.0,2.0,9.0,27.0,0.0,,,,,,4.20,0
2023,Noor Ahmad,Bowler,Spin,8.0,4.0,88.88,1.0,7*,0.0,0.0,0.0,1.0,16.0,7.82,,17.68,3/37,0.0,0.3,1
2024,Noor Ahmad,Bowler,Spin,5.0,2.5,55.55,2.0,4,0.0,0.0,0.0,1.0,8.0,8.32,,26.12,2/20,0.0,0.3,1
2025,Noor Ahmad,Bowler,Spin,7.0,1.75,41.17,2.0,2*,0.0,0.0,0.0,0.0,24.0,8.16,17.0,12.5,18/4,0.0,10.0,1
2024,Nuwan Thushara,Bowler,Pace,0.0,,,,,,,,,8.0,9.88,,19.5,3/28,0.0,4.8,1
2025,Nuwan Thushara,Bowler,Pace,0.0,,,,,,,,,1.0,6.5,26.0,24.0,26/1,0.0,4.8,1
2024,Pat Cummins,All-Rounder,Bowling,136.0,22.66,143.15,4.0,35*,0.0,0.0,8.0,9.0,18.0,9.27,,20.33,3/43,0.0,20.5,1
2025,Pat Cummins,All-Rounder,Bowling,97.0,24.25,167.24,5.0,22*,0.0,0.0,7.0,6.0,16.0,9.06,28.12,18.62,19/3,0.0,18.0,1
2023,Pbb Rajapaksa,Batsman,Non-WK,71.0,23.66,114.51,1.0,50,0.0,1.0,2.0,6.0,0.0,,,,,,0.2,1
2023,Phil Salt,Batsman,WK,218.0,27.25,163.9,1.0,87,0.0,2.0,10.0,24.0,0.0,,,,,,2.0,1
2024,Phil Salt,Batsman,WK,435.0,39.54,182.0,1.0,89*,0.0,4.0,24.0,50.0,0.0,,,,,,2.0,1
2025,Phil Salt,Batsman,WK,403.0,33.58,175.98,1.0,65,0.0,4.0,22.0,48.0,0.0,,,,,,11.50,1
2024,Piyush Chawla,Bowler,Spin,15.0,3.75,100.0,2.0,10,0.0,0.0,1.0,1.0,13.0,8.91,,16.15,3/29,0.0,0.5,0
2023,Piyush Chawla,Bowler,Spin,25.0,12.5,113.63,2.0,18,0.0,0.0,1.0,1.0,22.0,8.11,,16.63,3/22,0.0,0.5,0
2023,Prabhsimran Singh,Batsman,WK,358.0,25.57,150.42,0.0,103,1.0,1.0,19.0,38.0,0.0,,,,,,0.6,0
2024,Prabhsimran Singh,Batsman,WK,334.0,23.85,156.8,0.0,71,0.0,2.0,20.0,34.0,0.0,,,,,,0.6,0
2025,Prabhsimran Singh,Batsman,WK,549.0,32.29,160.52,0.0,91,0.0,4.0,30.0,56.0,0.0,,,,,,4.0,0
2025,Prasidh Krishna,Bowler,Pace,0.0,,,,,,,,,25.0,8.27,19.52,14.16,41/4,0.0,9.50,0
2023,Pravin Dubey,All-Rounder,Bowling,16.0,16.0,80.0,0.0,16,0.0,0.0,0.0,2.0,1.0,6.33,,18.0,1/19,0.0,0.2,0
2025,Pravin Dubey,All-Rounder,Bowling,0.0,,,,,,,,,1.0,10.0,20.0,12.0,20/1,0.0,0.3,0
2023,Prerak Mankad,Batsman,Non-WK,93.0,31.0,129.16,2.0,64*,0.0,1.0,2.0,12.0,0.0,,,,,,0.2,0
2025,Prince Yadav,All-Rounder,Bowling,5.0,,50.0,2.0,4*,0.0,0.0,0.0,0.0,3.0,9.85,75.0,45.66,29/1,0.0,0.3,0
2023,Prithvi Shaw,Batsman,Non-WK,106.0,13.25,124.7,0.0,54,0.0,1.0,1.0,16.0,0.0,,,,,,8.0,0
2024,Prithvi Shaw,Batsman,Non-WK,198.0,24.75,163.63,0.0,66,0.0,1.0,5.0,30.0,0.0,,,,,,8.0,0
2023,Priyam Garg,Batsman,Non-WK,22.0,11.0,95.65,0.0,12,0.0,0.0,0.0,1.0,0.0,,,,,,0.2,0
2025,Priyansh Arya,Batsman,Non-WK,475.0,27.94,179.24,0.0,103,1.0,2.0,25.0,55.0,0.0,,,,,,3.80,0
2023,Quinton De Kock,Batsman,WK,143.0,35.75,140.19,0.0,70,0.0,1.0,8.0,10.0,0.0,,,,,,6.75,1
2024,Quinton De Kock,Batsman,WK,250.0,22.72,134.4,0.0,81,0.0,3.0,9.0,29.0,0.0,,,,,,6.75,1
2025,Quinton De Kock,Batsman,WK,152.0,21.71,129.91,1.0,97*,0.0,1.0,11.0,9.0,0.0,,,,,,6.75,1
2024,Rachin Ravindra,Batsman,Non-WK,222.0,22.2,160.86,0.0,61,0.0,1.0,12.0,22.0,0.0,,,,,,1.8,1
2025,Rachin Ravindra,Batsman,Non-WK,191.0,27.29,128.18,1.0,65*,0.0,1.0,4.0,18.0,0.0,,,,,,4.0,1
2023,Rahmanullah Gurbaz,Batsman,WK,227.0,20.63,133.52,0.0,81,0.0,2.0,15.0,17.0,0.0,,,,,,0.2,1
2024,Rahmanullah Gurbaz,Batsman,WK,62.0,31.0,134.78,0.0,39,0.0,0.0,4.0,7.0,0.0,,,,,,0.2,1
2025,Rahmanullah Gurbaz,Batsman,WK,74.0,18.5,139.62,1.0,35,0.0,0.0,3.0,10.0,0.0,,,,,,2.0,1
2023,Rahul Chahar,Bowler,Spin,0.0,,,,,,,,,8.0,7.75,,37.25,2/16,0.0,5.25,0
2024,Rahul Chahar,Bowler,Spin,21.0,21.0,140.0,1.0,16,0.0,0.0,1.0,3.0,10.0,9.0,,18.6,3/23,0.0,5.25,0
2023,Rahul Tewatia,Batsman,Non-WK,87.0,21.75,152.63,6.0,20*,0.0,0.0,7.0,3.0,0.0,,,,,,9.0,0
2024,Rahul Tewatia,Batsman,Non-WK,188.0,26.85,145.73,2.0,36*,0.0,0.0,5.0,24.0,0.0,,,,,,9.0,0
2025,Rahul Tewatia,Batsman,Non-WK,99.0,12.38,167.79,4.0,24*,0.0,0.0,7.0,6.0,0.0,,,,,,9.0,0
2023,Rahul Tripathi,Batsman,Non-WK,273.0,22.75,128.16,1.0,74*,0.0,1.0,10.0,29.0,0.0,,,,,,0.2,0
2024,Rahul Tripathi,Batsman,Non-WK,165.0,27.5,143.47,0.0,55,0.0,1.0,6.0,18.0,0.0,,,,,,0.2,0
2025,Rahul Tripathi,Batsman,Non-WK,55.0,11.0,96.49,0.0,23,0.0,0.0,1.0,6.0,0.0,,,,,,3.4,0
2025,Raj Angad Bawa,Batsman,Non-WK,8.0,,200.0,1.0,8*,0.0,0.0,0.0,0.0,0.0,,,,,,0.3,0
2024,Rajat Patidar,Batsman,Non-WK,395.0,30.38,177.13,0.0,55,0.0,5.0,33.0,21.0,0.0,,,,,,0.2,0
2025,Rajat Patidar,Batsman,Non-WK,312.0,24.0,143.77,1.0,64,0.0,2.0,14.0,25.0,0.0,,,,,,11.0,0
2023,Rajvardhan Hangargekar,Bowler,Pace,0.0,,,,,,,,,3.0,10.0,,12.0,3/36,0.0,1.5,0
2024,Ramandeep Singh,Batsman,Non-WK,125.0,31.25,201.61,5.0,35,0.0,0.0,12.0,5.0,0.0,,,,,,0.2,0
2025,Ramandeep Singh,Batsman,Non-WK,47.0,9.4,134.28,2.0,22,0.0,0.0,4.0,1.0,0.0,,,,,,4.0,0
2023,Rashid Khan,All-Rounder,Bowling,130.0,32.5,216.66,5.0,79*,0.0,1.0,13.0,8.0,27.0,8.23,,14.88,4/30,0.0,15.0,1
2024,Rashid Khan,All-Rounder,Bowling,102.0,20.4,143.66,3.0,31,0.0,0.0,3.0,11.0,10.0,8.4,,26.2,2/38,0.0,15.0,1
2025,Rashid Khan,All-Rounder,Bowling,40.0,8.0,142.85,3.0,12,0.0,0.0,3.0,2.0,9.0,9.34,57.11,36.66,25/2,0.0,18.0,1
2025,Rasikh Dar,Bowler,Pace,0.0,,,,,,,,,1.0,11.66,70.0,36.0,35/1,0.0,6.0,0
2023,Ravi Bishnoi,Bowler,Spin,20.0,6.66,74.07,4.0,5,0.0,0.0,0.0,1.0,16.0,7.74,,18.93,3/28,0.0,4.0,0
2024,Ravi Bishnoi,Bowler,Spin,4.0,1.33,66.66,0.0,2,0.0,0.0,0.0,0.0,10.0,8.77,,26.2,2/25,0.0,4.0,0
2025,Ravi Bishnoi,Bowler,Spin,13.0,6.5,81.25,1.0,13,0.0,0.0,2.0,0.0,9.0,10.83,44.55,24.66,18/2,0.0,11.0,0
2023,Ravichandran Ashwin,All-Rounder,Bowling,67.0,11.16,131.37,4.0,30,0.0,0.0,3.0,5.0,14.0,7.51,,21.0,2/23,0.0,5.0,0
2024,Ravichandran Ashwin,All-Rounder,Bowling,86.0,14.33,116.21,3.0,29,0.0,0.0,4.0,5.0,9.0,8.49,,36.66,3/24,0.0,5.0,0
2025,Ravichandran Ashwin,All-Rounder,Bowling,33.0,8.25,110.0,0.0,13,0.0,0.0,1.0,3.0,7.0,9.12,40.42,26.57,41/2,0.0,9.75,0
2023,Ravindra Jadeja,All-Rounder,Batting,190.0,23.75,142.85,4.0,25*,0.0,0.0,9.0,11.0,20.0,7.56,,17.1,3/20,0.0,16.0,0
2024,Ravindra Jadeja,All-Rounder,Batting,267.0,44.5,142.78,5.0,57*,0.0,1.0,8.0,22.0,8.0,7.85,,35.25,3/18,0.0,16.0,0
2025,Ravindra Jadeja,All-Rounder,Batting,301.0,33.44,135.58,5.0,77*,0.0,2.0,10.0,25.0,10.0,8.56,32.4,22.7,17/2,0.0,18.0,0
2023,Reece Topley,All-Rounder,Bowling,0.0,,,,,,,,,1.0,7.0,,12.0,1/14,0.0,1.9,1
2024,Reece Topley,All-Rounder,Bowling,3.0,0.0,50.0,1.0,3*,0.0,0.0,0.0,0.0,4.0,11.2,,22.5,2/27,0.0,1.9,1
2024,Richard Gleeson,Bowler,Pace,0.0,,,,,,,,,1.0,9.06,,47.0,1/30,0.0,0.2,1
2025,Richard Gleeson,Bowler,Pace,0.0,,,,,,,,,1.0,11.14,39.0,21.0,39/1,0.0,0.3,1
2024,Ricky Bhui,Batsman,Non-WK,3.0,1.5,33.33,0.0,3,0.0,0.0,0.0,0.0,0.0,,,,,,0.2,0
2023,Rilee Rossouw,Batsman,Non-WK,209.0,29.85,148.22,2.0,82*,0.0,1.0,11.0,17.0,0.0,,,,,,8.0,1
2024,Rilee Rossouw,Batsman,Non-WK,211.0,26.37,181.89,0.0,61,0.0,1.0,11.0,25.0,0.0,,,,,,8.0,1
2023,Riley Meredith,Bowler,Pace,0.0,,,,,,,,,7.0,10.52,,16.85,2/33,0.0,0.2,1
2023,Rinku Singh,Batsman,Non-WK,474.0,59.25,149.52,6.0,67*,0.0,4.0,29.0,31.0,0.0,,,,,,0.55,0
2024,Rinku Singh,Batsman,Non-WK,168.0,18.66,148.67,2.0,26,0.0,0.0,8.0,13.0,0.0,,,,,,0.55,0
2025,Rinku Singh,Batsman,Non-WK,206.0,29.43,153.73,4.0,38*,0.0,0.0,10.0,20.0,0.0,,,,,,13.0,0
2023,Ripal Patel,Batsman,Non-WK,49.0,16.33,113.95,1.0,23,0.0,0.0,1.0,3.0,0.0,,,,,,0.2,0
2024,Rishabh Pant,Batsman,WK,446.0,40.54,155.4,2.0,88*,0.0,3.0,25.0,36.0,0.0,,,,,,16.0,0
2025,Rishabh Pant,Batsman,WK,269.0,24.45,133.16,2.0,118*,1.0,1.0,16.0,23.0,0.0,,,,,,27.0,0
2023,Rishi Dhawan,Batsman,Non-WK,20.0,10.0,166.66,1.0,19,0.0,0.0,1.0,1.0,0.0,,,,,,0.55,0
2023,Riyan Parag,All-Rounder,Batting,78.0,13.0,118.18,1.0,20,0.0,0.0,5.0,4.0,0.0,,,,,,3.8,0
2024,Riyan Parag,All-Rounder,Batting,573.0,52.09,149.21,3.0,84*,0.0,4.0,33.0,40.0,0.0,,,,,,3.8,0
2025,Riyan Parag,All-Rounder,Batting,393.0,32.75,166.52,2.0,95,0.0,1.0,27.0,27.0,3.0,8.5,56.66,40.0,,0.0,14.0,0
2025,Robin Minz,Batsman,Non-WK,6.0,3.0,40.0,0.0,3,0.0,0.0,0.0,0.0,0.0,,,,,,3.6,0
2023,Rohit Sharma,Batsman,Non-WK,332.0,20.75,132.8,0.0,65,0.0,2.0,17.0,35.0,0.0,,,,,,16.0,0
2024,Rohit Sharma,Batsman,Non-WK,417.0,32.07,150.0,1.0,105*,1.0,1.0,23.0,45.0,0.0,,,,,,16.0,0
2025,Rohit Sharma,Batsman,Non-WK,418.0,29.86,149.28,1.0,81,0.0,4.0,22.0,41.0,0.0,,,,,,16.3,0
2024,Romario Shepherd,Batsman,Non-WK,57.0,28.5,271.42,3.0,39*,0.0,0.0,5.0,5.0,0.0,,,,,,0.2,1
2025,Romario Shepherd,All-Rounder,Bowling,70.0,35.0,291.66,1.0,53*,0.0,1.0,7.0,5.0,6.0,10.78,25.16,14.0,14/2,0.0,0.3,1
2023,Rovman Powell,Batsman,Non-WK,7.0,2.33,77.77,0.0,4,0.0,0.0,0.0,1.0,1.0,9.0,,12.0,1/18,0.0,7.4,1
2024,Rovman Powell,Batsman,Non-WK,103.0,17.16,151.47,1.0,27,0.0,0.0,6.0,10.0,0.0,,,,,,7.4,1
2025,Rovman Powell,Batsman,Non-WK,5.0,5.0,100.0,0.0,5,0.0,0.0,0.0,1.0,0.0,,,,,,7.4,1
2023,Ruturaj Gaikwad,Batsman,Non-WK,590.0,42.14,147.5,1.0,92,0.0,4.0,30.0,46.0,0.0,,,,,,6.0,0
2024,Ruturaj Gaikwad,Batsman,Non-WK,583.0,53.0,141.16,3.0,108*,1.0,4.0,18.0,58.0,0.0,,,,,,6.0,0
2025,Ruturaj Gaikwad,Batsman,Non-WK,122.0,24.4,150.61,0.0,63,0.0,2.0,4.0,14.0,0.0,,,,,,18.0,0
2025,Ryan Rickelton,Batsman,Non-WK,388.0,29.85,150.97,1.0,62*,0.0,3.0,17.0,47.0,0.0,,,,,,0.3,1
2024,Sai Kishore,Batsman,Non-WK,13.0,13.0,216.66,1.0,13,0.0,0.0,2.0,0.0,7.0,9.13,,12.85,4/33,0.0,0.2,0
2025,Sai Kishore,All-Rounder,Bowling,5.0,1.67,50.0,0.0,3,0.0,0.0,0.0,0.0,19.0,9.24,20.68,13.42,30/3,0.0,2.0,0
2023,Sai Sudharsan,Batsman,Spin,362.0,51.71,141.4,1.0,96,0.0,3.0,12.0,33.0,0.0,,,,,,0.2,0
2024,Sai Sudharsan,Batsman,Spin,527.0,47.9,141.28,1.0,103,1.0,2.0,16.0,48.0,0.0,,,,,,0.2,0
2025,Sai Sudharsan,Batsman,Spin,759.0,54.21,156.17,1.0,108*,1.0,6.0,21.0,88.0,0.0,,,,,,8.5,0
2023,Sam Curran,All-Rounder,Batting,276.0,27.6,135.96,3.0,55,0.0,1.0,13.0,20.0,10.0,10.22,,28.7,3/31,0.0,18.5,1
2024,Sam Curran,All-Rounder,Batting,270.0,27.0,123.28,2.0,63*,0.0,2.0,6.0,24.0,16.0,10.14,,15.37,3/28,0.0,18.5,1
2025,Sam Curran,All-Rounder,Batting,114.0,22.8,135.71,0.0,88,0.0,1.0,4.0,11.0,1.0,11.08,133.0,72.0,34/1,0.0,2.4,1
2024,Sameer Rizvi,Batsman,Non-WK,51.0,12.75,118.6,1.0,21,0.0,0.0,2.0,4.0,0.0,,,,,,8.4,0
2025,Sameer Rizvi,Batsman,Non-WK,121.0,40.33,153.16,1.0,58*,0.0,1.0,7.0,11.0,0.0,,,,,,0.95,0
2023,Sandeep Sharma,Bowler,Pace,0.0,,,,,,,,,10.0,8.6,,27.6,2/25,0.0,0.2,0
2025,Sandeep Sharma,Bowler,Pace,6.0,,120.0,1.0,6*,0.0,0.0,0.0,0.0,9.0,9.89,40.11,24.33,21/2,0.0,4.0,0
2024,Sandeep Warrier,Bowler,Pace,0.0,,,,,,,,,6.0,10.81,,11.0,3/15,0.0,0.2,0
2023,Sanju Samson,Batsman,WK,362.0,30.16,153.38,2.0,66*,0.0,3.0,24.0,25.0,0.0,,,,,,14.0,0
2024,Sanju Samson,Batsman,WK,531.0,48.27,153.46,4.0,86,0.0,5.0,24.0,48.0,0.0,,,,,,14.0,0
2025,Sanju Samson,Batsman,WK,285.0,35.63,140.39,1.0,66,0.0,1.0,13.0,27.0,0.0,,,,,,14.0,0
2024,Sanvir Singh,Batsman,Non-WK,14.0,14.0,116.66,2.0,8*,0.0,0.0,0.0,1.0,0.0,,,,,,0.2,0
2024,Saurav Chauhan,Batsman,Non-WK,18.0,6.0,120.0,0.0,9,0.0,0.0,1.0,1.0,0.0,,,,,,0.2,0
2025,Sediqullah Atal,Batsman,Non-WK,22.0,22.0,137.5,0.0,22,0.0,0.0,2.0,0.0,0.0,,,,,,1.25,1
2023,Shahbaz Ahmed,All-Rounder,Batting,42.0,10.5,107.69,2.0,20*,0.0,0.0,1.0,3.0,0.0,,,,,,2.4,0
2024,Shahbaz Ahmed,All-Rounder,Batting,215.0,23.88,129.51,3.0,59*,0.0,1.0,13.0,7.0,7.0,9.81,,23.57,3/23,0.0,2.4,0
2025,Shahbaz Ahmed,All-Rounder,Batting,9.0,9.0,112.5,0.0,9,0.0,0.0,0.0,1.0,1.0,12.0,102.0,51.0,41/1,0.0,2.4,0
2023,Shahrukh Khan,Batsman,Non-WK,53.0,13.25,85.48,0.0,30,0.0,0.0,1.0,4.0,0.0,,,,,,7.4,0
2025,Shahrukh Khan,Batsman,Non-WK,179.0,29.83,179.0,5.0,57,0.0,1.0,13.0,11.0,1.0,13.0,13.0,6.0,13/1,0.0,4.0,0
2024,Shai Hope,Batsman,WK,183.0,22.87,150.0,1.0,41,0.0,0.0,12.0,12.0,0.0,,,,,,0.75,1
2025,Shaik Rasheed,Batsman,Non-WK,71.0,14.2,112.69,0.0,27,0.0,0.0,2.0,9.0,0.0,,,,,,0.2,0
2023,Shardul Thakur,All-Rounder,Bowling,113.0,14.12,161.42,2.0,68,0.0,1.0,4.0,13.0,7.0,10.47,,18.0,2/23,0.0,4.0,0
2024,Shardul Thakur,All-Rounder,Bowling,21.0,21.0,123.52,2.0,17,0.0,0.0,1.0,2.0,5.0,9.75,,38.0,2/61,0.0,4.0,0
2025,Shardul Thakur,All-Rounder,Bowling,18.0,6.0,150.0,2.0,6,0.0,0.0,0.0,3.0,13.0,11.02,28.84,15.69,34/4,0.0,2.0,0
2024,Shashank Singh,All-Rounder,Batting,354.0,44.25,164.65,6.0,68*,0.0,2.0,21.0,28.0,1.0,5.0,,6.0,1/5,0.0,0.2,0
2025,Shashank Singh,Batsman,Non-WK,350.0,50.0,153.5,7.0,61*,0.0,3.0,18.0,23.0,0.0,,,,,,5.5,0
2025,Sherfane Rutherford,Batsman,Non-WK,291.0,32.33,157.29,2.0,46,0.0,0.0,18.0,22.0,0.0,,,,,,1.5,1
2023,Shikhar Dhawan,Batsman,Non-WK,373.0,41.44,142.91,2.0,99*,0.0,3.0,12.0,49.0,0.0,,,,,,8.25,0
2024,Shikhar Dhawan,Batsman,Non-WK,152.0,30.4,125.61,0.0,70,0.0,1.0,4.0,18.0,0.0,,,,,,8.25,0
2023,Shimron Hetmyer,Batsman,Non-WK,299.0,37.37,151.77,5.0,56*,0.0,1.0,23.0,12.0,0.0,,,,,,0.2,1
2024,Shimron Hetmyer,Batsman,Non-WK,113.0,22.6,163.76,4.0,27*,0.0,0.0,7.0,9.0,0.0,,,,,,0.2,1
2025,Shimron Hetmyer,Batsman,Non-WK,239.0,21.73,145.73,2.0,52,0.0,1.0,11.0,17.0,0.0,,,,,,11.0,1
2023,Shivam Dube,All-Rounder,Batting,418.0,38.0,158.33,3.0,52,0.0,3.0,35.0,12.0,0.0,,,,,,4.0,0
2024,Shivam Dube,All-Rounder,Batting,396.0,36.0,162.29,3.0,66*,0.0,3.0,28.0,28.0,1.0,14.0,,6.0,1/14,0.0,4.0,0
2025,Shivam Dube,All-Rounder,Batting,357.0,32.45,132.22,3.0,50,0.0,1.0,21.0,22.0,0.0,,,,,,12.0,0
2024,Shreyas Gopal,Bowler,Spin,0.0,,,,,,,,,3.0,9.57,,14.0,1/9,0.0,0.2,0
2024,Shreyas Iyer,Batsman,Non-WK,351.0,39.0,146.86,5.0,58*,0.0,2.0,14.0,34.0,0.0,,,,,,12.25,0
2025,Shreyas Iyer,Batsman,Non-WK,604.0,50.33,175.07,5.0,97*,0.0,6.0,39.0,43.0,0.0,,,,,,26.75,0
2024,Shubham Dubey,Batsman,Non-WK,33.0,16.5,173.68,1.0,25,0.0,0.0,2.0,3.0,0.0,,,,,,5.8,0
2025,Shubham Dubey,Batsman,Non-WK,106.0,26.5,160.6,4.0,34*,0.0,0.0,8.0,6.0,0.0,,,,,,5.8,0
2023,Shubman Gill,Batsman,Non-WK,890.0,59.33,157.8,2.0,129,3.0,4.0,33.0,85.0,0.0,,,,,,8.0,0
2024,Shubman Gill,Batsman,Non-WK,426.0,38.72,147.4,1.0,104,1.0,2.0,15.0,37.0,0.0,,,,,,8.0,0
2025,Shubman Gill,Batsman,Non-WK,650.0,50.0,155.87,2.0,93*,0.0,6.0,24.0,62.0,0.0,,,,,,16.5,0
2023,Sikandar Raza,All-Rounder,Batting,139.0,27.8,141.83,2.0,57,0.0,1.0,6.0,10.0,3.0,9.91,,24.0,1/19,0.0,0.5,1
2024,Sikandar Raza,All-Rounder,Batting,43.0,21.5,113.15,0.0,28,0.0,0.0,2.0,2.0,0.0,,,,,,0.5,1
2023,Simarjeet Singh,Bowler,Pace,11.0,11.0,122.22,1.0,7,0.0,0.0,1.0,1.0,0.0,,,,,,0.2,0
2024,Simarjeet Singh,Bowler,Pace,0.0,,,,,,,,,5.0,10.08,,14.4,3/26,0.0,0.2,0
2025,Simarjeet Singh,Bowler,Pace,3.0,1.5,42.85,1.0,3*,0.0,0.0,0.0,0.0,2.0,14.1,70.5,30.0,46/2,0.0,1.5,0
2024,Spencer Johnson,Bowler,Pace,6.0,0.0,85.71,3.0,5*,0.0,0.0,0.0,1.0,4.0,9.43,,24.0,2/25,0.0,10.0,1
2025,Spencer Johnson,Bowler,Pace,2.0,,50.0,2.0,1*,0.0,0.0,0.0,0.0,1.0,11.73,133.0,68.0,42/1,0.0,10.0,1
2024,Sumit Kumar,Batsman,Non-WK,18.0,9.0,75.0,1.0,9*,0.0,0.0,1.0,2.0,0.0,,,,,,1.0,0
2023,Sunil Narine,All-Rounder,Bowling,21.0,3.0,84.0,3.0,7*,0.0,0.0,1.0,2.0,11.0,7.97,,26.18,3/33,0.0,6.0,1
2024,Sunil Narine,All-Rounder,Bowling,488.0,34.85,180.74,0.0,109,1.0,3.0,33.0,50.0,17.0,6.69,,19.41,2/22,0.0,6.0,1
2025,Sunil Narine,All-Rounder,Bowling,246.0,22.36,170.83,1.0,44,0.0,0.0,19.0,25.0,12.0,7.8,29.25,22.5,13/3,0.0,12.0,1
2023,Surya Kumar Yadav,Batsman,Non-WK,605.0,43.21,181.13,2.0,103*,1.0,5.0,28.0,65.0,0.0,,,,,,8.0,0
2024,Surya Kumar Yadav,Batsman,Non-WK,345.0,34.5,167.47,1.0,102*,1.0,3.0,18.0,36.0,0.0,,,,,,8.0,0
2025,Surya Kumar Yadav,Batsman,Non-WK,717.0,65.18,167.91,5.0,73*,0.0,5.0,38.0,69.0,0.0,,,,,,16.35,0
2025,Suryansh Shedge,Batsman,Non-WK,7.0,2.33,63.63,0.0,4,0.0,0.0,0.0,0.0,0.0,,,,,,0.3,0
2023,Suyash Prabhudessai,Batsman,Non-WK,35.0,8.75,120.68,0.0,19,0.0,0.0,2.0,1.0,0.0,,,,,,0.3,0
2024,Suyash Prabhudessai,Batsman,Non-WK,24.0,24.0,133.33,0.0,24,0.0,0.0,0.0,3.0,0.0,,,,,,0.3,0
2023,Suyash Sharma,Bowler,Spin,0.0,,,,,,,,,10.0,8.23,,23.4,3/30,0.0,0.2,0
2024,Suyash Sharma,Bowler,Spin,0.0,,,,,,,,,13.0,8.18,,17.53,5/18,1.0,2.6,0
2025,Suyash Sharma,Bowler,Spin,0.0,,,,,,,,,8.0,8.84,55.25,37.5,17/3,0.0,0.2,0
2024,Swapnil Singh,All-Rounder,Bowling,37.0,18.5,176.19,3.0,15*,0.0,0.0,3.0,3.0,6.0,8.86,,15.0,2/28,0.0,0.2,0
2023,T Natarajan,Bowler,Pace,0.0,,,,,,,,,10.0,9.11,,27.0,2/23,0.0,0.2,0
2024,T Natarajan,Bowler,Pace,0.0,,,,,,,,,19.0,9.05,,16.21,4/19,0.0,10.75,0
2024,Tanush Kotian,Batsman,Non-WK,24.0,24.0,77.41,0.0,24,0.0,0.0,0.0,3.0,0.0,,,,,,0.2,0
2023,Tilak Varma,Batsman,Non-WK,343.0,42.87,164.11,3.0,84*,0.0,1.0,23.0,26.0,0.0,,,,,,1.7,0
2024,Tilak Varma,Batsman,Non-WK,416.0,41.6,149.64,3.0,65,0.0,3.0,19.0,35.0,0.0,,,,,,8.0,0
2023,Tim David,Batsman,Non-WK,231.0,25.66,158.21,6.0,45*,0.0,0.0,15.0,12.0,0.0,,,,,,0.2,1
2024,Tim David,Batsman,Non-WK,241.0,30.12,158.55,3.0,45*,0.0,0.0,15.0,14.0,0.0,,,,,,0.2,1
2025,Tim David,Batsman,Non-WK,187.0,62.33,185.14,6.0,50*,0.0,1.0,14.0,16.0,0.0,,,,,,3.0,1
2023,Tim Southee,Bowler,Pace,0.0,,,,,,,,,2.0,13.16,,18.0,2/54,0.0,1.5,1
2024,Tom Kohler-Cadmore,Batsman,Non-WK,48.0,16.0,88.88,0.0,20,0.0,0.0,1.0,7.0,0.0,,,,,,0.2,1
2024,Travis Head,Batsman,Non-WK,567.0,40.5,191.55,1.0,102,1.0,4.0,32.0,64.0,0.0,,,,,,6.8,1
2025,Travis Head,Batsman,Non-WK,374.0,31.17,162.6,0.0,76,0.0,3.0,15.0,50.0,0.0,,,,,,14.0,1
2023,Trent Boult,Bowler,Pace,16.0,16.0,114.28,3.0,15,0.0,0.0,1.0,1.0,13.0,8.21,,17.53,3/29,0.0,8.0,1
2024,Trent Boult,Bowler,Pace,14.0,7.0,87.5,3.0,12,0.0,0.0,0.0,2.0,16.0,8.3,,20.0,3/22,0.0,8.0,1
2025,Trent Boult,Bowler,Pace,2.0,2.0,66.66,1.0,1*,0.0,0.0,0.0,0.0,22.0,8.96,23.5,15.72,26/4,0.0,12.50,1
2023,Tristan Stubbs,All-Rounder,Batting,25.0,12.5,80.64,0.0,20,0.0,0.0,0.0,2.0,1.0,7.0,,12.0,1/14,0.0,0.5,1
2024,Tristan Stubbs,All-Rounder,Batting,378.0,54.0,190.9,6.0,71*,0.0,3.0,26.0,24.0,3.0,7.5,,4.0,2/11,0.0,0.5,1
2025,Tristan Stubbs,All-Rounder,Batting,300.0,50.0,150.75,7.0,41*,0.0,0.0,11.0,25.0,0.0,,,,,,10.0,1
2023,Tushar Deshpande,Bowler,Pace,0.0,,,,,,,,,21.0,9.92,,16.23,3/45,0.0,0.2,0
2024,Tushar Deshpande,Bowler,Pace,0.0,,,,,,,,,17.0,8.83,,16.94,4/27,0.0,0.2,0
2025,Tushar Deshpande,Bowler,Pace,7.0,7.0,87.5,3.0,3,0.0,0.0,0.0,0.0,9.0,10.62,37.77,21.33,44/3,0.0,6.5,0
2024,Umesh Yadav,Bowler,Pace,12.0,12.0,80.0,1.0,10*,0.0,0.0,1.0,0.0,8.0,10.0,,15.75,2/22,0.0,5.8,0
2025,Urvil Patel,Batsman,WK,68.0,22.67,212.5,0.0,37,0.0,0.0,6.0,5.0,0.0,,,,,,0.3,0
2023,Vaibhav Arora,Bowler,Pace,3.0,0.0,150.0,2.0,2*,0.0,0.0,0.0,0.0,5.0,9.12,,19.2,2/30,0.0,0.6,0
2024,Vaibhav Arora,Bowler,Pace,0.0,,,,,,,,,11.0,9.2,,16.36,3/27,0.0,0.6,0
2025,Vaibhav Arora,Bowler,Pace,0.0,,,,,,,,,17.0,10.11,25.29,15.0,29/3,0.0,1.8,0
2025,Vaibhav Suryavanshi,Batsman,Non-WK,252.0,36.0,206.55,0.0,101,1.0,1.0,24.0,18.0,0.0,,,,,,1.1,0
2025,Varun Chakaravarthy,Bowler,Spin,1.0,,100.0,1.0,1*,0.0,0.0,0.0,0.0,17.0,7.66,22.52,17.64,22/3,0.0,12.0,0
2023,Venkatesh Iyer,Batsman,Non-WK,404.0,28.85,145.84,0.0,104,1.0,2.0,21.0,32.0,0.0,,,,,,8.0,0
2024,Venkatesh Iyer,Batsman,Non-WK,370.0,46.25,158.79,5.0,70,0.0,4.0,19.0,35.0,0.0,,,,,,8.0,0
2025,Venkatesh Iyer,Batsman,Non-WK,142.0,20.29,139.21,0.0,60,0.0,1.0,4.0,15.0,0.0,,,,,,23.75,0
2025,Vignesh Puthur,Bowler,Pace,0.0,,,,,,,,,6.0,9.08,18.16,12.0,32/3,0.0,0.3,0
2023,Vijay Shankar,Batsman,Non-WK,301.0,37.62,160.1,2.0,63*,0.0,3.0,15.0,27.0,0.0,,,,,,0.2,0
2024,Vijay Shankar,Batsman,Non-WK,83.0,16.6,115.27,2.0,17,0.0,0.0,2.0,7.0,0.0,,,,,,0.2,0
2025,Vijay Shankar,Batsman,Non-WK,118.0,39.33,129.67,2.0,69*,0.0,1.0,3.0,8.0,0.0,,,,,,1.2,0
2025,Vipraj Nigam,All-Rounder,Batting,142.0,20.29,179.74,1.0,39,0.0,0.0,8.0,15.0,11.0,9.12,32.36,21.27,18/2,0.0,0.5,0
2023,Virat Kohli,Batsman,Non-WK,639.0,53.25,139.82,2.0,101*,2.0,6.0,16.0,65.0,0.0,,,,,,15.0,0
2024,Virat Kohli,Batsman,Non-WK,741.0,61.75,154.69,3.0,113*,1.0,5.0,38.0,62.0,0.0,,,,,,15.0,0
2025,Virat Kohli,Batsman,Non-WK,657.0,54.75,144.71,3.0,73*,0.0,8.0,19.0,66.0,0.0,,,,,,21.0,0
2023,Vishnu Vinod,Batsman,WK,37.0,12.33,119.35,0.0,30,0.0,0.0,2.0,2.0,0.0,,,,,,0.2,0
2023,Vivrant Sharma,Batsman,Non-WK,69.0,69.0,146.8,0.0,69,0.0,1.0,2.0,9.0,0.0,,,,,,0.2,0
2025,Vyshak Vijaykumar,Bowler,Pace,0.0,,,,,,,,,4.0,10.64,45.25,25.5,44/2,0.0,0.3,0
2023,Wanindu Hasaranga,All-Rounder,Bowling,33.0,16.5,117.85,3.0,12*,0.0,0.0,0.0,3.0,9.0,8.89,,19.33,2/24,0.0,1.5,1
2025,Wanindu Hasaranga,All-Rounder,Bowling,9.0,1.8,60.0,0.0,4,0.0,0.0,0.0,0.0,11.0,9.04,33.72,22.36,35/4,0.0,1.5,1
2023,Washington Sundar,All-Rounder,Batting,60.0,15.0,100.0,1.0,24*,0.0,0.0,0.0,6.0,3.0,8.26,,35.33,3/28,0.0,8.75,0
2024,Washington Sundar,All-Rounder,Batting,0.0,,,,,,,,,1.0,14.6,,30.0,1/46,0.0,8.75,0
2025,Washington Sundar,All-Rounder,Batting,133.0,26.6,166.25,0.0,49,0.0,0.0,7.0,10.0,2.0,10.24,55.5,32.5,28/1,0.0,3.2,0
2024,Will Jacks,All-Rounder,Batting,230.0,32.85,175.57,1.0,100*,1.0,1.0,18.0,16.0,2.0,11.11,,27.0,1/23,0.0,0.2,1
2025,Will Jacks,All-Rounder,Batting,233.0,23.3,135.46,1.0,53,0.0,1.0,11.0,22.0,6.0,8.57,20.0,14.0,14/2,0.0,5.25,1
2025,William O Rourke,Bowler,Pace,0.0,,,,,,,,,6.0,12.77,22.0,10.33,27/3,0.0,3.0,1
2023,Wriddhiman Saha,Batsman,WK,371.0,23.18,129.26,1.0,81,0.0,2.0,8.0,47.0,0.0,,,,,,1.9,0
2024,Wriddhiman Saha,Batsman,WK,136.0,15.11,118.26,0.0,39,0.0,0.0,3.0,18.0,0.0,,,,,,1.9,0
2025,Xavier Bartlett,Bowler,Pace,11.0,11.0,73.33,0.0,11,0.0,0.0,0.0,1.0,2.0,9.6,48.0,30.0,26/1,0.0,0.8,1
2023,Yash Dayal,Bowler,Pace,0.0,,,,,,,,,2.0,11.78,,42.0,1/31,0.0,5.0,0
2024,Yash Dayal,Bowler,Pace,0.0,,,,,,,,,15.0,9.14,,20.06,3/20,0.0,5.0,0
2025,Yash Dayal,Bowler,Pace,4.0,2.0,50.0,1.0,3,0.0,0.0,0.0,0.0,13.0,9.59,36.15,22.61,18/2,0.0,5.0,0
2023,Yash Dhull,Batsman,Non-WK,16.0,5.33,69.56,0.0,13,0.0,0.0,0.0,1.0,0.0,,,,,,0.5,0
2023,Yash Thakur,Bowler,Pace,0.0,,,,,,,,,13.0,9.07,,14.69,4/37,0.0,0.45,0
2024,Yash Thakur,Bowler,Pace,0.0,,,,,,,,,11.0,11.32,,19.36,5/30,1.0,0.45,0
2025,Yash Thakur,Bowler,Pace,0.0,,,,,,,,,1.0,12.15,79.0,39.0,39/1,0.0,0.45,0
2023,Yashasvi Jaiswal,Batsman,Non-WK,625.0,48.07,163.61,1.0,124,1.0,5.0,26.0,82.0,0.0,,,,,,4.0,0
2024,Yashasvi Jaiswal,Batsman,Non-WK,435.0,31.07,155.91,1.0,104*,1.0,1.0,16.0,54.0,0.0,,,,,,4.0,0
2025,Yashasvi Jaiswal,Batsman,Non-WK,559.0,43.0,159.71,1.0,75,0.0,6.0,28.0,60.0,0.0,,,,,,18.0,0
2023,Yuzvendra Chahal,Bowler,Spin,0.0,,,,,,,,,21.0,8.17,,15.09,4/17,0.0,6.5,0
2024,Yuzvendra Chahal,Bowler,Spin,0.0,,,,,,,,,18.0,9.41,,19.33,3/11,0.0,6.5,0
2025,Yuzvendra Chahal,Bowler,Spin,0.0,,,,,,,,,16.0,9.55,26.87,16.87,28/4,0.0,18.0,0
2025,Zeeshan Ansari,Bowler,Pace,0.0,,,,,,,,,6.0,9.84,55.5,33.83,42/3,0.0,0.4,0
